INSERT INTO Hotel (hotel_id, name, address, city, country, description)
VALUES
    (1, 'Hilton Hotel', '123 Main Street', 'New York', 'USA', 'Luxury hotel in the heart of the city'),
    (2, 'Grand Hyatt Hotel', '456 Elm Avenue', 'London', 'UK', 'Modern hotel near popular attractions'),
    (3, 'Oceanview Resort', '789 Beach Road', 'Miami', 'USA', 'Beachfront resort with stunning views'),
    (4, 'Mountain Lodge', '321 Pine Mountain Drive', 'Vancouver', 'Canada', 'Cozy lodge surrounded by nature'),
    (5, 'Sunrise Inn', '987 Sunrise Boulevard', 'Sydney', 'Australia', 'Budget-friendly hotel for travelers'),
    (6, 'Royal Palace Hotel', '456 Royal Street', 'Paris', 'France', 'Opulent hotel with a royal experience'),
    (7, 'Beachfront Paradise', '789 Palm Beach Road', 'Bali', 'Indonesia', 'Relaxing beachfront resort'),
    (8, 'Alpine Retreat', '321 Snowy Mountain Road', 'Zurich', 'Switzerland', 'Serene getaway in the mountains'),
    (9, 'City Lights Hotel', '987 Downtown Avenue', 'Tokyo', 'Japan', 'Modern hotel in the heart of the city'),
    (10, 'Seaside Resort', '123 Ocean View Drive', 'Cancun', 'Mexico', 'Beachside resort with stunning views'),
    (11, 'Island Oasis', '456 Tropical Island Road', 'Phuket', 'Thailand', 'Luxurious resort on a private island'),
    (12, 'Historic Inn', '789 Old Town Street', 'Rome', 'Italy', 'Charming inn with a rich history'),
    (13, 'Urban Retreat', '321 City Center Avenue', 'Dubai', 'UAE', 'Luxury hotel in a bustling city'),
    (14, 'Lakeview Lodge', '987 Lakeside Road', 'Queenstown', 'New Zealand', 'Scenic lodge with lake views'),
    (15, 'Classic Manor', '123 Heritage Lane', 'Vienna', 'Austria', 'Elegant manor in a historic setting'),
    (16, 'Tropical Hideaway', '456 Paradise Road', 'Maldives', 'Maldives', 'Idyllic resort in a tropical paradise'),
    (17, 'Riverside Retreat', '789 Riverbank Street', 'Rio de Janeiro', 'Brazil', 'Peaceful retreat by the river'),
    (18, 'Garden Oasis', '321 Botanical Avenue', 'Singapore', 'Singapore', 'Tranquil hotel surrounded by gardens'),
    (19, 'Majestic Castle', '987 Castle Hill', 'Edinburgh', 'Scotland', 'Grand castle with royal accommodations'),
    (20, 'Ski Resort', '123 Mountain Slope', 'Whistler', 'Canada', 'Premier ski resort for winter enthusiasts'),
    (21, 'Coastal Getaway', '456 Coastal Highway', 'San Diego', 'USA', 'Relaxing coastal resort with ocean views'),
    (22, 'Green Valley Retreat', '789 Nature Trail', 'Bali', 'Indonesia', 'Eco-friendly resort amidst nature'),
    (23, 'Modern Skyline Hotel', '321 Downtown Avenue', 'Toronto', 'Canada', 'Contemporary hotel with city views'),
    (24, 'Exquisite Mansion', '987 Luxury Street', 'Moscow', 'Russia', 'Opulent mansion with luxurious amenities'),
    (25, 'Tropical Paradise Resort', '123 Palm Beach Road', 'Bora Bora', 'French Polynesia', 'Idyllic resort in a tropical paradise'),
    (26, 'Historic Plaza Hotel', '456 Main Square', 'Prague', 'Czech Republic', 'Elegant hotel in a historic plaza'),
    (27, 'Urban Heights', '789 Highrise Avenue', 'New York', 'USA', 'Modern hotel with panoramic city views'),
    (28, 'Seaview Retreat', '321 Coastal Road', 'Barcelona', 'Spain', 'Relaxing retreat with stunning sea views'),
    (29, 'Tranquil Valley Resort', '987 Serene Valley', 'Cape Town', 'South Africa', 'Serene resort nestled in a picturesque valley'),
    (30, 'Charming Cottage Inn', '123 Quaint Street', 'Amsterdam', 'Netherlands', 'Cozy inn with a charming cottage ambiance');


INSERT INTO User (user_id, name, email, password, phone_number)
VALUES
    (1, 'John', 'john@example.com', 'password', '1234567890'),
    (2, 'Emily', 'emily@example.com', 'password', '9876543210'),
    (3, 'Michael', 'michael@example.com', 'password', '4567891230'),
    (4, 'Emma', 'emma@example.com', 'password', '7891234560'),
    (5, 'David', 'david@example.com', 'password', '6543219870'),
    (6, 'Sarah', 'sarah@example.com', 'password', '2345678901'),
    (7, 'Daniel', 'daniel@example.com', 'password', '8901234567'),
    (8, 'Olivia', 'olivia@example.com', 'password', '7654321098'),
    (9, 'Sophia', 'sophia@example.com', 'password', '3210987654'),
    (10, 'Matthew', 'matthew@example.com', 'password', '9012345678'),
    (11, 'Ava', 'ava@example.com', 'password', '6789012345'),
    (12, 'Jacob', 'jacob@example.com', 'password', '4321098765'),
    (13, 'Mia', 'mia@example.com', 'password', '8901234567'),
    (14, 'Ethan', 'ethan@example.com', 'password', '5678901234'),
    (15, 'Isabella', 'isabella@example.com', 'password', '2109876543'),
    (16, 'Liam', 'liam@example.com', 'password', '9876543210'),
    (17, 'Grace', 'grace@example.com', 'password', '6543210987'),
    (18, 'Noah', 'noah@example.com', 'password', '5432109876'),
    (19, 'Chloe', 'chloe@example.com', 'password', '8765432109'),
    (20, 'James', 'james@example.com', 'password', '4321098765'),
    (21, 'Lily', 'lily@example.com', 'password', '8765432109'),
    (22, 'Benjamin', 'benjamin@example.com', 'password', '2109876543'),
    (23, 'Victoria', 'victoria@example.com', 'password', '9876543210'),
    (24, 'Lucas', 'lucas@example.com', 'password', '6543210987'),
    (25, 'Nora', 'nora@example.com', 'password', '5432109876'),
    (26, 'Alexander', 'alexander@example.com', 'password', '8765432109'),
    (27, 'Aria', 'aria@example.com', 'password', '2109876543'),
    (28, 'Henry', 'henry@example.com', 'password', '9876543210'),
    (29, 'Ella', 'ella@example.com', 'password', '6543210987'),
    (30, 'Daniel', 'daniel@example.com', 'password', '5432109876');


INSERT INTO RoomType (room_type_id, name, description)
VALUES
    (1, 'Standard Room', 'Comfortable room with essential amenities'),
    (2, 'Deluxe Room', 'Spacious room with upgraded amenities'),
    (3, 'Suite', 'Luxurious suite with separate living area'),
    (4, 'Family Room', 'Room suitable for families with extra space'),
    (5, 'Executive Room', 'Elegant room designed for business travelers');


INSERT INTO Room (room_id, room_number, room_type_id, hotel_id, price_per_night, availability)
VALUES
    (1, '101', 1, 1, 150.00, true),
    (2, '102', 1, 1, 150.00, true),
    (3, '103', 1, 1, 150.00, true),
    (4, '201', 2, 1, 200.00, true),
    (5, '202', 2, 1, 200.00, true),
    (6, '203', 2, 1, 200.00, true),
    (7, '301', 3, 1, 250.00, true),
    (8, '302', 3, 1, 250.00, true),
    (9, '101', 1, 2, 120.00, true),
    (10, '102', 1, 2, 120.00, true),
    (11, '103', 1, 2, 120.00, true),
    (12, '201', 2, 2, 180.00, true),
    (13, '202', 2, 2, 180.00, true),
    (14, '203', 2, 2, 180.00, true),
    (15, '301', 3, 2, 220.00, true),
    (16, '302', 3, 2, 220.00, true),
    (17, '101', 1, 3, 130.00, true),
    (18, '102', 1, 3, 130.00, true),
    (19, '103', 1, 3, 130.00, true),
    (20, '201', 2, 3, 190.00, true),
    (21, '202', 2, 3, 190.00, true),
    (22, '203', 2, 3, 190.00, true),
    (23, '301', 3, 3, 240.00, true),
    (24, '302', 3, 3, 240.00, true),
    (25, '101', 1, 4, 110.00, true),
    (26, '102', 1, 4, 110.00, true),
    (27, '103', 1, 4, 110.00, true),
    (28, '201', 2, 4, 170.00, true),
    (29, '202', 2, 4, 170.00, true),
    (30, '203', 2, 4, 170.00, true);


INSERT INTO Reservation (reservation_id, user_id, room_id, check_in_date, check_out_date, total_price)
VALUES
    (5, 4, 4, '2023-06-10', '2023-06-15', 800),
    (6, 5, 3, '2023-06-12', '2023-06-18', 900),
    (7, 6, 2, '2023-06-15', '2023-06-17', 350),
    (8, 7, 5, '2023-06-20', '2023-06-25', 700),
    (9, 8, 1, '2023-06-22', '2023-06-26', 550),
    (10, 9, 4, '2023-06-25', '2023-06-28', 400),
    (11, 10, 3, '2023-06-30', '2023-07-04', 1000),
    (12, 11, 2, '2023-07-02', '2023-07-06', 700),
    (13, 12, 1, '2023-07-05', '2023-07-10', 900),
    (14, 13, 5, '2023-07-08', '2023-07-12', 600),
    (15, 14, 3, '2023-07-12', '2023-07-15', 400),
    (16, 15, 4, '2023-07-15', '2023-07-18', 450),
    (17, 16, 2, '2023-07-20', '2023-07-24', 800),
    (18, 17, 1, '2023-07-22', '2023-07-27', 950),
    (19, 18, 5, '2023-07-25', '2023-07-29', 700),
    (20, 19, 3, '2023-07-28', '2023-08-02', 1200),
    (21, 20, 4, '2023-07-30', '2023-08-04', 900),
    (22, 21, 2, '2023-08-02', '2023-08-06', 600),
    (23, 22, 1, '2023-08-05', '2023-08-08', 400),
    (24, 23, 5, '2023-08-10', '2023-08-15', 800),
    (25, 24, 3, '2023-08-12', '2023-08-17', 900),
    (26, 25, 2, '2023-08-15', '2023-08-18', 350),
    (27, 26, 4, '2023-08-20', '2023-08-25', 700),
    (28, 27, 1, '2023-08-22', '2023-08-27', 550),
    (29, 28, 5, '2023-08-25', '2023-08-29', 400),
    (30, 29, 3, '2023-08-28', '2023-09-02', 1000);